Workbook

Sheet Data
A1: Group | B1: Campaign | C1: Date | D1: Spend [USD] | E1: Impressions | F1: Reach | G1: Website Clicks | H1: Searches | I1: View Content | J1: Add to Cart | K1: Purchase | L1: Excluded (missing data)
A2: Control | B2: Control Campaign | C2: 43678 | D2: 2280 | E2: 82702 | F2: 56930 | G2: 7016 | H2: 2290 | I2: 2159 | J2: 1819 | K2: 618
A3: Control | B3: Control Campaign | C3: 43679 | D3: 1757 | E3: 121040 | F3: 102513 | G3: 8110 | H3: 2033 | I3: 1841 | J3: 1219 | K3: 511
A4: Control | B4: Control Campaign | C4: 43680 | D4: 2343 | E4: 131711 | F4: 110862 | G4: 6508 | H4: 1737 | I4: 1549 | J4: 1134 | K4: 372
A5: Control | B5: Control Campaign | C5: 43681 | D5: 1940 | E5: 72878 | F5: 61235 | G5: 3065 | H5: 1042 | I5: 982 | J5: 1183 | K5: 340
A6: Control | B6: Control Campaign | C6: 43682 | D6: 1835 | L6: YES
A7: Control | B7: Control Campaign | C7: 43683 | D7: 3083 | E7: 109076 | F7: 87998 | G7: 4028 | H7: 1709 | I7: 1249 | J7: 784 | K7: 764
A8: Control | B8: Control Campaign | C8: 43684 | D8: 2544 | E8: 142123 | F8: 127852 | G8: 2640 | H8: 1388 | I8: 1106 | J8: 1166 | K8: 499
A9: Control | B9: Control Campaign | C9: 43685 | D9: 1900 | E9: 90939 | F9: 65217 | G9: 7260 | H9: 3047 | I9: 2746 | J9: 930 | K9: 462
A10: Control | B10: Control Campaign | C10: 43686 | D10: 2813 | E10: 121332 | F10: 94896 | G10: 6198 | H10: 2487 | I10: 2179 | J10: 645 | K10: 501
A11: Control | B11: Control Campaign | C11: 43687 | D11: 2149 | E11: 117624 | F11: 91257 | G11: 2277 | H11: 2475 | I11: 1984 | J11: 1629 | K11: 734
A12: Control | B12: Control Campaign | C12: 43688 | D12: 2490 | E12: 115247 | F12: 95843 | G12: 8137 | H12: 2941 | I12: 2486 | J12: 1887 | K12: 475
A13: Control | B13: Control Campaign | C13: 43689 | D13: 2319 | E13: 116639 | F13: 100189 | G13: 2993 | H13: 1397 | I13: 1147 | J13: 1439 | K13: 794
A14: Control | B14: Control Campaign | C14: 43690 | D14: 2697 | E14: 82847 | F14: 68214 | G14: 6554 | H14: 2390 | I14: 1975 | J14: 1794 | K14: 766
A15: Control | B15: Control Campaign | C15: 43691 | D15: 1875 | E15: 145248 | F15: 118632 | G15: 4521 | H15: 1209 | I15: 1149 | J15: 1339 | K15: 788
A16: Control | B16: Control Campaign | C16: 43692 | D16: 2774 | E16: 132845 | F16: 102479 | G16: 4896 | H16: 1179 | I16: 1005 | J16: 1641 | K16: 366
A17: Control | B17: Control Campaign | C17: 43693 | D17: 2024 | E17: 71274 | F17: 42859 | G17: 5224 | H17: 2427 | I17: 2158 | J17: 1613 | K17: 438
A18: Control | B18: Control Campaign | C18: 43694 | D18: 2177 | E18: 119612 | F18: 106518 | G18: 6628 | H18: 1756 | I18: 1642 | J18: 878 | K18: 222
... A61: Test | B61: Test Campaign | C61: 43707 | D61: 1977 | E61: 120203 | F61: 89380 | G61: 4399 | H61: 2978 | I61: 1625 | J61: 1034 | K61: 572

Sheet Funnel
A1: Воронка Control vs Test — суми та середнє за день (дані: лист Data; 5.08 у контролі виключено)
A3: Крок | B3: Control, сума | C3: Test, сума | D3: Control, в середньому за день | E3: Test, в середньому за день | F3: Δ середнього за день, %
A4: Покази | B4: =SUMIFS(Data!$E$2:$E$61,Data!$A$2:$A$61,"Control") | C4: =SUMIFS(Data!$E$2:$E$61,Data!$A$2:$A$61,"Test") | D4: =AVERAGEIFS(Data!$E$2:$E$61,Data!$A$2:$A$61,"Control") | E4: =AVERAGEIFS(Data!$E$2:$E$61,Data!$A$2:$A$61,"Test") | F4: =E4/D4-1
A5: Кліки | B5: =SUMIFS(Data!$G$2:$G$61,Data!$A$2:$A$61,"Control") | C5: =SUMIFS(Data!$G$2:$G$61,Data!$A$2:$A$61,"Test") | D5: =AVERAGEIFS(Data!$G$2:$G$61,Data!$A$2:$A$61,"Control") | E5: =AVERAGEIFS(Data!$G$2:$G$61,Data!$A$2:$A$61,"Test") | F5: =E5/D5-1
A6: Пошук | B6: =SUMIFS(Data!$H$2:$H$61,Data!$A$2:$A$61,"Control") | C6: =SUMIFS(Data!$H$2:$H$61,Data!$A$2:$A$61,"Test") | D6: =AVERAGEIFS(Data!$H$2:$H$61,Data!$A$2:$A$61,"Control") | E6: =AVERAGEIFS(Data!$H$2:$H$61,Data!$A$2:$A$61,"Test") | F6: =E6/D6-1
A7: Перегляд контенту | B7: =SUMIFS(Data!$I$2:$I$61,Data!$A$2:$A$61,"Control") | C7: =SUMIFS(Data!$I$2:$I$61,Data!$A$2:$A$61,"Test") | D7: =AVERAGEIFS(Data!$I$2:$I$61,Data!$A$2:$A$61,"Control") | E7: =AVERAGEIFS(Data!$I$2:$I$61,Data!$A$2:$A$61,"Test") | F7: =E7/D7-1
A8: Додавання в кошик | B8: =SUMIFS(Data!$J$2:$J$61,Data!$A$2:$A$61,"Control") | C8: =SUMIFS(Data!$J$2:$J$61,Data!$A$2:$A$61,"Test") | D8: =AVERAGEIFS(Data!$J$2:$J$61,Data!$A$2:$A$61,"Control") | E8: =AVERAGEIFS(Data!$J$2:$J$61,Data!$A$2:$A$61,"Test") | F8: =E8/D8-1
A9: Покупка | B9: =SUMIFS(Data!$K$2:$K$61,Data!$A$2:$A$61,"Control") | C9: =SUMIFS(Data!$K$2:$K$61,Data!$A$2:$A$61,"Test") | D9: =AVERAGEIFS(Data!$K$2:$K$61,Data!$A$2:$A$61,"Control") | E9: =AVERAGEIFS(Data!$K$2:$K$61,Data!$A$2:$A$61,"Test") | F9: =E9/D9-1
A11: Кількість днів у даних | B11: =COUNTIFS(Data!$A$2:$A$61,"Control",Data!$L$2:$L$61,"<>YES") | C11: =COUNTIFS(Data!$A$2:$A$61,"Test",Data!$L$2:$L$61,"<>YES")
A12: Spend, сума ($) | B12: =SUMIFS(Data!$D$2:$D$61,Data!$A$2:$A$61,"Control",Data!$L$2:$L$61,"<>YES") | C12: =SUMIFS(Data!$D$2:$D$61,Data!$A$2:$A$61,"Test",Data!$L$2:$L$61,"<>YES")
A13: CPA = Spend / Purchase ($) | B13: =B12/B9 | C13: =C12/C9
A14: CPM ($) | B14: =B12/B4*1000 | C14: =C12/C4*1000
A15: CTR (кліки / покази) | B15: =B5/B4 | C15: =C5/C4
A17: Конверсія між кроками
A18: Перехід | B18: Control | C18: Test | D18: Δ, п.п. | E18: % від кліків: Control | F18: % від кліків: Test
A19: Покази → Кліки | B19: =B5/B4 | C19: =C5/C4 | D19: =(C19-B19)*100 | E19: =B5/B$5 | F19: =C5/C$5
A20: Кліки → Пошук | B20: =B6/B5 | C20: =C6/C5 | D20: =(C20-B20)*100 | E20: =B6/B$5 | F20: =C6/C$5
A21: Пошук → Перегляд контенту | B21: =B7/B6 | C21: =C7/C6 | D21: =(C21-B21)*100 | E21: =B7/B$5 | F21: =C7/C$5
A22: Перегляд контенту → Додавання в кошик | B22: =B8/B7 | C22: =C8/C7 | D22: =(C22-B22)*100 | E22: =B8/B$5 | F22: =C8/C$5
A23: Додавання в кошик → Покупка | B23: =B9/B8 | C23: =C9/C8 | D23: =(C23-B23)*100 | E23: =B9/B$5 | F23: =C9/C$5

Sheet Висновки
A1: Висновки по воронці
A2: 1. Верх воронки: у тесті на 32% менше показів на день і на 40% менший охват, при +11% витрат. CPM $34.4 vs $21.0, але CTR 8.1% vs 4.9%. Імовірне пояснення (гіпотеза, у даних перевірити неможливо): реклама показується вужчій, активнішій аудиторії.
A3: 2. Кліків на день більше на 13%, але різниця не значима (p=0.12).
A4: 3. Середина: клік→пошук 40.1% vs 41.7%; пошук→перегляд контенту 76.8% vs 87.5% (Test vs Control).
A5: 4. Головна просадка — перегляд→кошик: 47.4% vs 66.9%. Додавань у кошик на день на 32% менше (p=0.0001).
A6: 5. Кошик→покупка: 59.1% vs 40.2%. Хто дійшов до кошика, купує значно частіше.
A7: 6. Покупок на день порівну (521 vs 523, p=0.98), витрати вищі → CPA $4.92 vs $4.41 (+12% у сумі); по днях різниця CPA не значима (p=0.19).
A8: 7. Висновок: нова стратегія не збільшила кількість покупок, а покупка обійшлась дорожче (+12% у сумі, хоча по днях це не значимо). Кроки воронки рухаються в різні боки: перегляд→кошик падає, кошик→покупка зростає.
A10: Примітка про дані: 5.08.2019 у контролі є лише Spend ($1835), решта метрик порожні — день виключено з розрахунків (прапорець в колонці L листа Data). У тесті всі 30 днів збережено, тому суми порівнюються і як сума, і як середнє за день.
